Epic,User Story,Task,Description,Team,Estimation (hours),Dependencies,Priority,Status,Sprint,Milestone
EPIC-RUST-01: Reactive System Migration,"US-RUST-01: Como desarrollador, quiero migrar el sistema reactivo de Python a Rust",TASK-RUST-001: Migrar Signal<T> a Rust,Migrar Signal<T> con thread safety y subscribers,Reactive Team,80,,P1,Completed,1,Rust Migration 1.0
EPIC-RUST-01: Reactive System Migration,"US-RUST-01: Como desarrollador, quiero migrar el sistema reactivo de Python a Rust",TASK-RUST-002: Migrar Computed<T> a Rust,Migrar Computed<T> con lazy evaluation y caching,Reactive Team,64,TASK-RUST-001,P1,Completed,1,Rust Migration 1.0
EPIC-RUST-01: Reactive System Migration,"US-RUST-01: Como desarrollador, quiero migrar el sistema reactivo de Python a Rust",TASK-RUST-003: Migrar Effect a Rust,Migrar Effect con side effects y cleanup,Reactive Team,48,TASK-RUST-002,P1,Completed,1,Rust Migration 1.0
EPIC-RUST-01: Reactive System Migration,"US-RUST-01: Como desarrollador, quiero migrar el sistema reactivo de Python a Rust",TASK-RUST-004: Migrar Watch a Rust,Migrar Watch con reactive watchers,Reactive Team,40,TASK-RUST-003,P1,Completed,1,Rust Migration 1.0
EPIC-RUST-01: Reactive System Migration,"US-RUST-01: Como desarrollador, quiero migrar el sistema reactivo de Python a Rust",TASK-RUST-005: Migrar Batch a Rust,Migrar Batch con batch updates,Reactive Team,32,TASK-RUST-004,P1,Completed,1,Rust Migration 1.0
EPIC-RUST-01: Reactive System Migration,"US-RUST-01: Como desarrollador, quiero migrar el sistema reactivo de Python a Rust",TASK-RUST-006: Migrar Graph a Rust,Migrar dependency graph con BFS propagation,Reactive Team,56,TASK-RUST-005,P1,Completed,1,Rust Migration 1.0
EPIC-RUST-01: Reactive System Migration,"US-RUST-01: Como desarrollador, quiero migrar el sistema reactivo de Python a Rust",TASK-RUST-007: Migrar Scheduler a Rust,Migrar priority-based scheduler,Reactive Team,48,TASK-RUST-006,P1,Completed,1,Rust Migration 1.0
EPIC-RUST-01: Reactive System Migration,"US-RUST-01: Como desarrollador, quiero migrar el sistema reactivo de Python a Rust",TASK-RUST-008: Tests del sistema reactivo,245 tests unitarios y de integración,QA,40,TASK-RUST-007,P1,Completed,1,Rust Migration 1.0
EPIC-RUST-01: Reactive System Migration,"US-RUST-01: Como desarrollador, quiero migrar el sistema reactivo de Python a Rust",TASK-RUST-009: Benchmarks del sistema reactivo,Benchmarks de performance vs Python,Performance Team,24,TASK-RUST-008,P1,Completed,1,Rust Migration 1.0
EPIC-RUST-01: Reactive System Migration,"US-RUST-01: Como desarrollador, quiero migrar el sistema reactivo de Python a Rust",TASK-RUST-010: Documentación del sistema reactivo,Docs API y ejemplos de uso,Docs Team,16,TASK-RUST-009,P1,Completed,1,Rust Migration 1.0
EPIC-RUST-02: Compiler Foundation,"US-RUST-02: Como desarrollador, quiero migrar el compilador de Python a Rust",TASK-RUST-101: Arquitectura del crate vela-compiler,Diseño modular del crate compiler,Compiler Team,32,,P1,Not Started,2,Rust Migration 1.0
EPIC-RUST-02: Compiler Foundation,"US-RUST-02: Como desarrollador, quiero migrar el compilador de Python a Rust",TASK-RUST-102: Migrar AST nodes básicos,Migrar Program, Declaration, Statement, Expression,Compiler Team,80,TASK-RUST-101,P1,Not Started,2,Rust Migration 1.0
EPIC-RUST-02: Compiler Foundation,"US-RUST-02: Como desarrollador, quiero migrar el compilador de Python a Rust",TASK-RUST-103: Migrar lexer a Rust,Port del lexer con state machine,Compiler Team,64,TASK-RUST-102,P1,Not Started,2,Rust Migration 1.0
EPIC-RUST-02: Compiler Foundation,"US-RUST-02: Como desarrollador, quiero migrar el compilador de Python a Rust",TASK-RUST-104: Tests del lexer,Tests exhaustivos del lexer,QA,32,TASK-RUST-103,P1,Not Started,2,Rust Migration 1.0
EPIC-RUST-02: Compiler Foundation,"US-RUST-02: Como desarrollador, quiero migrar el compilador de Python a Rust",TASK-RUST-105: Migrar parser foundation,Migrar parser base con error recovery,Compiler Team,72,TASK-RUST-104,P1,Not Started,2,Rust Migration 1.0
EPIC-RUST-02: Compiler Foundation,"US-RUST-02: Como desarrollador, quiero migrar el compilador de Python a Rust",TASK-RUST-106: Tests del parser,Tests del parser con casos edge,QA,40,TASK-RUST-105,P1,Not Started,2,Rust Migration 1.0
EPIC-RUST-02: Compiler Foundation,"US-RUST-02: Como desarrollador, quiero migrar el compilador de Python a Rust",TASK-RUST-107: Benchmarks del compiler,Benchmarks vs Python compiler,Performance Team,24,TASK-RUST-106,P1,Not Started,2,Rust Migration 1.0
EPIC-RUST-02: Compiler Foundation,"US-RUST-02: Como desarrollador, quiero migrar el compilador de Python a Rust",TASK-RUST-108: Documentación del compiler,Docs API del compiler,Docs Team,16,TASK-RUST-107,P1,Not Started,2,Rust Migration 1.0
EPIC-RUST-03: Type System Migration,"US-RUST-03: Como desarrollador, quiero migrar el sistema de tipos de Python a Rust",TASK-RUST-201: Arquitectura del crate vela-types,Diseño del sistema de tipos en Rust,Type System Team,40,,P1,Not Started,3,Rust Migration 1.0
EPIC-RUST-03: Type System Migration,"US-RUST-03: Como desarrollador, quiero migrar el sistema de tipos de Python a Rust",TASK-RUST-202: Migrar type checker,Migrar type checker con inference,Type System Team,96,TASK-RUST-201,P1,Not Started,3,Rust Migration 1.0
EPIC-RUST-03: Type System Migration,"US-RUST-03: Como desarrollador, quiero migrar el sistema de tipos de Python a Rust",TASK-RUST-203: Migrar type inference,Migrar Hindley-Milner inference,Type System Team,80,TASK-RUST-202,P1,Not Started,3,Rust Migration 1.0
EPIC-RUST-03: Type System Migration,"US-RUST-03: Como desarrollador, quiero migrar el sistema de tipos de Python a Rust",TASK-RUST-204: Tests del type system,Tests exhaustivos del type system,QA,48,TASK-RUST-203,P1,Not Started,3,Rust Migration 1.0
EPIC-RUST-03: Type System Migration,"US-RUST-03: Como desarrollador, quiero migrar el sistema de tipos de Python a Rust",TASK-RUST-205: Benchmarks del type system,Benchmarks de type checking,Performance Team,24,TASK-RUST-204,P1,Not Started,3,Rust Migration 1.0
EPIC-RUST-03: Type System Migration,"US-RUST-03: Como desarrollador, quiero migrar el sistema de tipos de Python a Rust",TASK-RUST-206: Documentación del type system,Docs del sistema de tipos,Docs Team,16,TASK-RUST-205,P1,Completed,3,Rust Migration 1.0
EPIC-RUST-04: Runtime Migration,"US-RUST-04: Como desarrollador, quiero migrar el runtime de Python a Rust",TASK-RUST-301: Arquitectura del crate vela-runtime,Diseño modular del runtime,Runtime Team,48,,P1,Not Started,4,Rust Migration 1.0
EPIC-RUST-04: Runtime Migration,"US-RUST-04: Como desarrollador, quiero migrar el runtime de Python a Rust",TASK-RUST-302: Migrar async runtime,Migrar executor, futures, promises,Async Team,120,TASK-RUST-301,P1,Not Started,4,Rust Migration 1.0
EPIC-RUST-04: Runtime Migration,"US-RUST-04: Como desarrollador, quiero migrar el runtime de Python a Rust",TASK-RUST-303: Migrar channels,Migrar async channels,Concurrency Team,64,TASK-RUST-302,P1,Not Started,4,Rust Migration 1.0
EPIC-RUST-04: Runtime Migration,"US-RUST-04: Como desarrollador, quiero migrar el runtime de Python a Rust",TASK-RUST-304: Migrar DI container,Migrar dependency injection,Runtime Team,80,TASK-RUST-303,P1,Not Started,4,Rust Migration 1.0
EPIC-RUST-04: Runtime Migration,"US-RUST-04: Como desarrollador, quiero migrar el runtime de Python a Rust",TASK-RUST-305: Migrar event system,Migrar event bus y handlers,Runtime Team,56,TASK-RUST-304,P1,Not Started,4,Rust Migration 1.0
EPIC-RUST-04: Runtime Migration,"US-RUST-04: Como desarrollador, quiero migrar el runtime de Python a Rust",TASK-RUST-306: Migrar HTTP framework,Migrar HTTP server/client,Web Team,88,TASK-RUST-305,P1,Not Started,4,Rust Migration 1.0
EPIC-RUST-04: Runtime Migration,"US-RUST-04: Como desarrollador, quiero migrar el runtime de Python a Rust",TASK-RUST-307: Tests del runtime,Tests del runtime completo,QA,64,TASK-RUST-306,P1,Not Started,4,Rust Migration 1.0
EPIC-RUST-04: Runtime Migration,"US-RUST-04: Como desarrollador, quiero migrar el runtime de Python a Rust",TASK-RUST-308: Benchmarks del runtime,Benchmarks de performance,Performance Team,32,TASK-RUST-307,P1,Not Started,4,Rust Migration 1.0
EPIC-RUST-04: Runtime Migration,"US-RUST-04: Como desarrollador, quiero migrar el runtime de Python a Rust",TASK-RUST-309: Documentación del runtime,Docs del runtime,Docs Team,24,TASK-RUST-308,P1,Not Started,4,Rust Migration 1.0
EPIC-RUST-05: StdLib Migration,"US-RUST-05: Como desarrollador, quiero migrar la stdlib de Python a Rust",TASK-RUST-401: Arquitectura del crate vela-stdlib,Diseño modular de la stdlib,StdLib Team,40,,P1,Not Started,5,Rust Migration 1.0
EPIC-RUST-05: StdLib Migration,"US-RUST-05: Como desarrollador, quiero migrar la stdlib de Python a Rust",TASK-RUST-402: Migrar collections,Migrar List, Dict, Set, etc.,StdLib Team,72,TASK-RUST-401,P1,Not Started,5,Rust Migration 1.0
EPIC-RUST-05: StdLib Migration,"US-RUST-05: Como desarrollador, quiero migrar la stdlib de Python a Rust",TASK-RUST-403: Migrar IO,Migrar file I/O, streams,StdLib Team,56,TASK-RUST-402,P1,Not Started,5,Rust Migration 1.0
EPIC-RUST-05: StdLib Migration,"US-RUST-05: Como desarrollador, quiero migrar la stdlib de Python a Rust",TASK-RUST-404: Migrar networking,Migrar TCP/UDP, HTTP client,StdLib Team,64,TASK-RUST-403,P1,Not Started,5,Rust Migration 1.0
EPIC-RUST-05: StdLib Migration,"US-RUST-05: Como desarrollador, quiero migrar la stdlib de Python a Rust",TASK-RUST-405: Tests de stdlib,Tests exhaustivos de stdlib,QA,48,TASK-RUST-404,P1,Not Started,5,Rust Migration 1.0
EPIC-RUST-05: StdLib Migration,"US-RUST-05: Como desarrollador, quiero migrar la stdlib de Python a Rust",TASK-RUST-406: Benchmarks de stdlib,Benchmarks de performance,Performance Team,24,TASK-RUST-405,P1,Not Started,5,Rust Migration 1.0
EPIC-RUST-05: StdLib Migration,"US-RUST-05: Como desarrollador, quiero migrar la stdlib de Python a Rust",TASK-RUST-407: Documentación de stdlib,Docs de la stdlib,Docs Team,16,TASK-RUST-406,P1,Not Started,5,Rust Migration 1.0
EPIC-RUST-06: Concurrency Migration,"US-RUST-06: Como desarrollador, quiero migrar el sistema de concurrencia de Python a Rust",TASK-RUST-501: Arquitectura del crate vela-concurrency,Diseño del sistema de concurrencia,Concurrency Team,48,,P1,Not Started,6,Rust Migration 1.0
EPIC-RUST-06: Concurrency Migration,"US-RUST-06: Como desarrollador, quiero migrar el sistema de concurrencia de Python a Rust",TASK-RUST-502: Migrar actor system,Migrar actor model con mailboxes,Concurrency Team,120,TASK-RUST-501,P1,Not Started,6,Rust Migration 1.0
EPIC-RUST-06: Concurrency Migration,"US-RUST-06: Como desarrollador, quiero migrar el sistema de concurrencia de Python a Rust",TASK-RUST-503: Migrar workers,Migrar worker pools y threading,Concurrency Team,80,TASK-RUST-502,P1,Not Started,6,Rust Migration 1.0
EPIC-RUST-06: Concurrency Migration,"US-RUST-06: Como desarrollador, quiero migrar el sistema de concurrencia de Python a Rust",TASK-RUST-504: Tests de concurrencia,Tests de race conditions y deadlocks,QA,56,TASK-RUST-503,P1,Not Started,6,Rust Migration 1.0
EPIC-RUST-06: Concurrency Migration,"US-RUST-06: Como desarrollador, quiero migrar el sistema de concurrencia de Python a Rust",TASK-RUST-505: Benchmarks de concurrencia,Benchmarks de throughput,Performance Team,32,TASK-RUST-504,P1,Not Started,6,Rust Migration 1.0
EPIC-RUST-06: Concurrency Migration,"US-RUST-06: Como desarrollador, quiero migrar el sistema de concurrencia de Python a Rust",TASK-RUST-506: Documentación de concurrencia,Docs del sistema de concurrencia,Docs Team,16,TASK-RUST-505,P1,Not Started,6,Rust Migration 1.0
EPIC-RUST-07: Semantic Analysis Migration,"US-RUST-07: Como desarrollador, quiero migrar el análisis semántico de Python a Rust",TASK-RUST-601: Arquitectura del crate vela-semantic,Diseño del análisis semántico,Semantic Team,40,,P1,Not Started,7,Rust Migration 1.0
EPIC-RUST-07: Semantic Analysis Migration,"US-RUST-07: Como desarrollador, quiero migrar el análisis semántico de Python a Rust",TASK-RUST-602: Migrar symbol table,Migrar symbol resolution,Semantic Team,72,TASK-RUST-601,P1,Not Started,7,Rust Migration 1.0
EPIC-RUST-07: Semantic Analysis Migration,"US-RUST-07: Como desarrollador, quiero migrar el análisis semántico de Python a Rust",TASK-RUST-603: Migrar scope analysis,Migrar scope resolution,Semantic Team,56,TASK-RUST-602,P1,Not Started,7,Rust Migration 1.0
EPIC-RUST-07: Semantic Analysis Migration,"US-RUST-07: Como desarrollador, quiero migrar el análisis semántico de Python a Rust",TASK-RUST-604: Tests de semantic analysis,Tests del análisis semántico,QA,40,TASK-RUST-603,P1,Not Started,7,Rust Migration 1.0
EPIC-RUST-07: Semantic Analysis Migration,"US-RUST-07: Como desarrollador, quiero migrar el análisis semántico de Python a Rust",TASK-RUST-605: Benchmarks de semantic analysis,Benchmarks de análisis,Performance Team,24,TASK-RUST-604,P1,Not Started,7,Rust Migration 1.0
EPIC-RUST-07: Semantic Analysis Migration,"US-RUST-07: Como desarrollador, quiero migrar el análisis semántico de Python a Rust",TASK-RUST-606: Documentación de semantic analysis,Docs del análisis semántico,Docs Team,16,TASK-RUST-605,P1,Not Started,7,Rust Migration 1.0
EPIC-RUST-08: Tooling Migration,"US-RUST-08: Como desarrollador, quiero migrar las herramientas de Python a Rust",TASK-RUST-701: Arquitectura del crate vela-tooling,Diseño de herramientas,Tooling Team,32,,P1,Not Started,8,Rust Migration 1.0
EPIC-RUST-08: Tooling Migration,"US-RUST-08: Como desarrollador, quiero migrar las herramientas de Python a Rust",TASK-RUST-702: Migrar CLI tools,Migrar comandos CLI,Tooling Team,64,TASK-RUST-701,P1,Not Started,8,Rust Migration 1.0
EPIC-RUST-08: Tooling Migration,"US-RUST-08: Como desarrollador, quiero migrar las herramientas de Python a Rust",TASK-RUST-703: Migrar build system,Migrar sistema de build,Tooling Team,80,TASK-RUST-702,P1,Not Started,8,Rust Migration 1.0
EPIC-RUST-08: Tooling Migration,"US-RUST-08: Como desarrollador, quiero migrar las herramientas de Python a Rust",TASK-RUST-704: Migrar package manager,Migrar gestión de paquetes,Tooling Team,72,TASK-RUST-703,P1,Not Started,8,Rust Migration 1.0
EPIC-RUST-08: Tooling Migration,"US-RUST-08: Como desarrollador, quiero migrar las herramientas de Python a Rust",TASK-RUST-705: Tests de tooling,Tests de herramientas,QA,48,TASK-RUST-704,P1,Not Started,8,Rust Migration 1.0
EPIC-RUST-08: Tooling Migration,"US-RUST-08: Como desarrollador, quiero migrar las herramientas de Python a Rust",TASK-RUST-706: Benchmarks de tooling,Benchmarks de herramientas,Performance Team,24,TASK-RUST-705,P1,Not Started,8,Rust Migration 1.0
EPIC-RUST-08: Tooling Migration,"US-RUST-08: Como desarrollador, quiero migrar las herramientas de Python a Rust",TASK-RUST-707: Documentación de tooling,Docs de herramientas,Docs Team,16,TASK-RUST-706,P1,Not Started,8,Rust Migration 1.0
EPIC-RUST-09: VM & Bytecode Migration,"US-RUST-09: Como desarrollador, quiero migrar la VM y bytecode de Python a Rust",TASK-RUST-801: Arquitectura del crate vela-vm,Diseño de la VM,VM Team,56,,P1,Not Started,9,Rust Migration 1.0
EPIC-RUST-09: VM & Bytecode Migration,"US-RUST-09: Como desarrollador, quiero migrar la VM y bytecode de Python a Rust",TASK-RUST-802: Migrar bytecode format,Migrar formato de bytecode,VM Team,88,TASK-RUST-801,P1,Not Started,9,Rust Migration 1.0
EPIC-RUST-09: VM & Bytecode Migration,"US-RUST-09: Como desarrollador, quiero migrar la VM y bytecode de Python a Rust",TASK-RUST-803: Migrar VM interpreter,Migrar interpreter de bytecode,VM Team,120,TASK-RUST-802,P1,Not Started,9,Rust Migration 1.0
EPIC-RUST-09: VM & Bytecode Migration,"US-RUST-09: Como desarrollador, quiero migrar la VM y bytecode de Python a Rust",TASK-RUST-804: Migrar garbage collector,Migrar GC con reference counting,VM Team,96,TASK-RUST-803,P1,Not Started,9,Rust Migration 1.0
EPIC-RUST-09: VM & Bytecode Migration,"US-RUST-09: Como desarrollador, quiero migrar la VM y bytecode de Python a Rust",TASK-RUST-805: Tests de VM,Tests exhaustivos de VM,QA,72,TASK-RUST-804,P1,Not Started,9,Rust Migration 1.0
EPIC-RUST-09: VM & Bytecode Migration,"US-RUST-09: Como desarrollador, quiero migrar la VM y bytecode de Python a Rust",TASK-RUST-806: Benchmarks de VM,Benchmarks de execution speed,Performance Team,40,TASK-RUST-805,P1,Not Started,9,Rust Migration 1.0
EPIC-RUST-09: VM & Bytecode Migration,"US-RUST-09: Como desarrollador, quiero migrar la VM y bytecode de Python a Rust",TASK-RUST-807: Documentación de VM,Docs de la VM,Docs Team,24,TASK-RUST-806,P1,Not Started,9,Rust Migration 1.0
EPIC-RUST-10: Integration & Testing,"US-RUST-10: Como desarrollador, quiero integrar todos los componentes migrados",TASK-RUST-901: Integración completa,Integrar todos los crates migrados,Integration Team,80,,P1,Not Started,10,Rust Migration 1.0
EPIC-RUST-10: Integration & Testing,"US-RUST-10: Como desarrollador, quiero integrar todos los componentes migrados",TASK-RUST-902: Tests de integración,Tests end-to-end,QA,96,TASK-RUST-901,P1,Not Started,10,Rust Migration 1.0
EPIC-RUST-10: Integration & Testing,"US-RUST-10: Como desarrollador, quiero integrar todos los componentes migrados",TASK-RUST-903: Performance regression tests,Tests de performance vs Python,Performance Team,48,TASK-RUST-902,P1,Not Started,10,Rust Migration 1.0
EPIC-RUST-10: Integration & Testing,"US-RUST-10: Como desarrollador, quiero integrar todos los componentes migrados",TASK-RUST-904: Memory safety verification,Verificar zero memory leaks,Security Team,40,TASK-RUST-903,P1,Not Started,10,Rust Migration 1.0
EPIC-RUST-10: Integration & Testing,"US-RUST-10: Como desarrollador, quiero integrar todos los componentes migrados",TASK-RUST-905: Compatibility layer,Capa de compatibilidad con Python,Compatibility Team,64,TASK-RUST-904,P1,Not Started,10,Rust Migration 1.0
EPIC-RUST-10: Integration & Testing,"US-RUST-10: Como desarrollador, quiero integrar todos los componentes migrados",TASK-RUST-906: Documentación completa,Docs de toda la migración,Docs Team,32,TASK-RUST-905,P1,Not Started,10,Rust Migration 1.0
EPIC-RUST-11: Optimization & Performance,"US-RUST-11: Como desarrollador, quiero optimizar el código Rust migrado",TASK-RUST-1001: Code optimization,Optimizar algoritmos y estructuras de datos,Performance Team,120,,P1,Not Started,11,Rust Migration 1.0
EPIC-RUST-11: Optimization & Performance,"US-RUST-11: Como desarrollador, quiero optimizar el código Rust migrado",TASK-RUST-1002: Memory optimization,Optimizar uso de memoria,Performance Team,80,TASK-RUST-1001,P1,Not Started,11,Rust Migration 1.0
EPIC-RUST-11: Optimization & Performance,"US-RUST-11: Como desarrollador, quiero optimizar el código Rust migrado",TASK-RUST-1003: Parallel optimization,Optimizar concurrencia y paralelismo,Performance Team,96,TASK-RUST-1002,P1,Not Started,11,Rust Migration 1.0
EPIC-RUST-11: Optimization & Performance,"US-RUST-11: Como desarrollador, quiero optimizar el código Rust migrado",TASK-RUST-1004: Benchmark suite,Crear suite completa de benchmarks,Performance Team,64,TASK-RUST-1003,P1,Not Started,11,Rust Migration 1.0
EPIC-RUST-11: Optimization & Performance,"US-RUST-11: Como desarrollador, quiero optimizar el código Rust migrado",TASK-RUST-1005: Performance documentation,Docs de optimizaciones realizadas,Docs Team,24,TASK-RUST-1004,P1,Not Started,11,Rust Migration 1.0
EPIC-RUST-12: Production Ready & Release,"US-RUST-12: Como desarrollador, quiero tener una versión production-ready",TASK-RUST-1101: Final integration testing,Tests finales de integración,QA,80,,P1,Not Started,12,Rust Migration 1.0
EPIC-RUST-12: Production Ready & Release,"US-RUST-12: Como desarrollador, quiero tener una versión production-ready",TASK-RUST-1102: Security audit,Auditoría de seguridad completa,Security Team,64,TASK-RUST-1101,P1,Not Started,12,Rust Migration 1.0
EPIC-RUST-12: Production Ready & Release,"US-RUST-12: Como desarrollador, quiero tener una versión production-ready",TASK-RUST-1103: Performance validation,Validación final de performance,Performance Team,48,TASK-RUST-1102,P1,Not Started,12,Rust Migration 1.0
EPIC-RUST-12: Production Ready & Release,"US-RUST-12: Como desarrollador, quiero tener una versión production-ready",TASK-RUST-1104: Migration guide,Guía completa de migración,Docs Team,40,TASK-RUST-1103,P1,Not Started,12,Rust Migration 1.0
EPIC-RUST-12: Production Ready & Release,"US-RUST-12: Como desarrollador, quiero tener una versión production-ready",TASK-RUST-1105: Release preparation,Preparar release de Rust Migration 1.0,Release Team,32,TASK-RUST-1104,P1,Not Started,12,Rust Migration 1.0
EPIC-RUST-12: Production Ready & Release,"US-RUST-12: Como desarrollador, quiero tener una versión production-ready",TASK-RUST-1106: Production deployment,Deploy a producción,DevOps Team,24,TASK-RUST-1105,P1,Not Started,12,Rust Migration 1.0